First Name,Last Name,User Name,Address,City,State or Province,User Name,Job Title,Department
Chris,Blue,chris@contoso.com,1 Microsoft way,Redmond,WA,chris@contoso.com,Manager,Finance
Ben,Andrews,ben@contoso.com,1 Microsoft way,Redmond,WA,ben@contoso.com,Director,Information Technology
David,Longmuir,david@contoso.com,1 Microsoft way,Redmond,WA,david@contoso.com,Vice President,Accounting
Melissa,MacBeth,melissa@contoso.com,1 Microsoft way,Redmond,WA,melissa@contoso.com,Supervisor,Human Resource
